first,second,third
afirst,ssecond,cthird
afirst,ssecond,cthird
afirst,ssecond,cthird
afirst,ssecond,cthird
asdfas,ssecond,cthird
asdfas,ssecond,cthird
asdfas,ssecond,cthird
asdfas,ssecond,cthird
asdfas,ssecond,cthird
asdfas,ssecond,cthird
asdfas,ssecond,cthird
"['a', 'b', 'c']","['d', 'e', 'f']","['g', 'h', 'i']"
"['a', 'b', 'c']","['d', 'e', 'f']","['g', 'h', 'i']"
"['a', 'b', 'c']","['d', 'e', 'f']","['g', 'h', 'i']"
"['a', 'b', 'c']","['d', 'e', 'f']","['g', 'h', 'i']"
a,b,c
d,e,f
g,h,i
